attempt_time,kappa,normalized_lag
0.0,0.05,1.0
0.0,0.1082,1.0
0.0,0.1665,1.0
0.0,0.2247,1.0
0.0,0.2829,1.0
0.0,0.3411,1.0
0.0,0.3994,1.0
0.0,0.4576,1.0
0.0,0.5158,1.0
0.0,0.5741,1.0
0.0,0.6323,1.0
0.0,0.6905,1.0
0.0,0.7487,1.0
0.0,0.807,1.0
0.0,0.8652,1.0
0.0,0.9234,1.0
0.0,0.9816,1.0
0.0,1.0399,1.0
0.0,1.0981,1.0
0.0,1.1563,1.0
0.3038,0.05,0.984925
0.3038,0.1082,0.967655
0.3038,0.1665,0.950689
0.3038,0.2247,0.934019
0.3038,0.2829,0.917642
0.3038,0.3411,0.901552
0.3038,0.3994,0.885745
0.3038,0.4576,0.870214
0.3038,0.5158,0.854956
0.3038,0.5741,0.839965
0.3038,0.6323,0.825237
0.3038,0.6905,0.810767
0.3038,0.7487,0.796551
0.3038,0.807,0.782585
0.3038,0.8652,0.768863
0.3038,0.9234,0.755382
0.3038,0.9816,0.742137
0.3038,1.0399,0.729124
0.3038,1.0981,0.71634
0.3038,1.1563,0.70378
0.6076,0.05,0.970077
0.6076,0.1082,0.936357
0.6076,0.1665,0.903809
0.6076,0.2247,0.872392
0.6076,0.2829,0.842067
0.6076,0.3411,0.812797
0.6076,0.3994,0.784543
0.6076,0.4576,0.757272
0.6076,0.5158,0.730949
0.6076,0.5741,0.705541
0.6076,0.6323,0.681016
0.6076,0.6905,0.657344
0.6076,0.7487,0.634494
0.6076,0.807,0.612439
0.6076,0.8652,0.59115
0.6076,0.9234,0.570602
0.6076,0.9816,0.550767
0.6076,1.0399,0.531622
0.6076,1.0981,0.513143
0.6076,1.1563,0.495306
0.9114,0.05,0.955453
0.9114,0.1082,0.906071
0.9114,0.1665,0.85924
0.9114,0.2247,0.814831
0.9114,0.2829,0.772716
0.9114,0.3411,0.732779
0.9114,0.3994,0.694905
0.9114,0.4576,0.658989
0.9114,0.5158,0.624929
0.9114,0.5741,0.59263
0.9114,0.6323,0.562
0.9114,0.6905,0.532953
0.9114,0.7487,0.505407
0.9114,0.807,0.479285
0.9114,0.8652,0.454514
0.9114,0.9234,0.431022
0.9114,0.9816,0.408745
0.9114,1.0399,0.387619
0.9114,1.0981,0.367585
0.9114,1.1563,0.348586
1.2152,0.05,0.94105
1.2152,0.1082,0.876764
1.2152,0.1665,0.81687
1.2152,0.2247,0.761068
1.2152,0.2829,0.709077
1.2152,0.3411,0.660638
1.2152,0.3994,0.615508
1.2152,0.4576,0.573461
1.2152,0.5158,0.534287
1.2152,0.5741,0.497788
1.2152,0.6323,0.463783
1.2152,0.6905,0.432101
1.2152,0.7487,0.402583
1.2152,0.807,0.375081
1.2152,0.8652,0.349459
1.2152,0.9234,0.325586
1.2152,0.9816,0.303345
1.2152,1.0399,0.282622
1.2152,1.0981,0.263316
1.2152,1.1563,0.245328
1.519,0.05,0.926863
1.519,0.1082,0.848405
1.519,0.1665,0.776589
1.519,0.2247,0.710852
1.519,0.2829,0.650679
1.519,0.3411,0.5956
1.519,0.3994,0.545183
1.519,0.4576,0.499034
1.519,0.5158,0.456791
1.519,0.5741,0.418125
1.519,0.6323,0.382731
1.519,0.6905,0.350333
1.519,0.7487,0.320678
1.519,0.807,0.293533
1.519,0.8652,0.268686
1.519,0.9234,0.245942
1.519,0.9816,0.225123
1.519,1.0399,0.206067
1.519,1.0981,0.188624
1.519,1.1563,0.172657
1.8228,0.05,0.912891
1.8228,0.1082,0.820964
1.8228,0.1665,0.738294
1.8228,0.2247,0.663949
1.8228,0.2829,0.59709
1.8228,0.3411,0.536964
1.8228,0.3994,0.482893
1.8228,0.4576,0.434266
1.8228,0.5158,0.390536
1.8228,0.5741,0.35121
1.8228,0.6323,0.315844
1.8228,0.6905,0.284039
1.8228,0.7487,0.255437
1.8228,0.807,0.229714
1.8228,0.8652,0.206583
1.8228,0.9234,0.18578
1.8228,0.9816,0.167072
1.8228,1.0399,0.150248
1.8228,1.0981,0.135119
1.8228,1.1563,0.121512
2.1266,0.05,0.899129
2.1266,0.1082,0.79441
2.1266,0.1665,0.701888
2.1266,0.2247,0.620141
2.1266,0.2829,0.547915
2.1266,0.3411,0.484102
2.1266,0.3994,0.42772
2.1266,0.4576,0.377905
2.1266,0.5158,0.333891
2.1266,0.5741,0.295004
2.1266,0.6323,0.260646
2.1266,0.6905,0.230289
2.1266,0.7487,0.203468
2.1266,0.807,0.179771
2.1266,0.8652,0.158834
2.1266,0.9234,0.140335
2.1266,0.9816,0.123991
2.1266,1.0399,0.10955
2.1266,1.0981,0.096791
2.1266,1.1563,0.085518
2.4304,0.05,0.885574
2.4304,0.1082,0.768715
2.4304,0.1665,0.667277
2.4304,0.2247,0.579224
2.4304,0.2829,0.50279
2.4304,0.3411,0.436443
2.4304,0.3994,0.37885
2.4304,0.4576,0.328858
2.4304,0.5158,0.285462
2.4304,0.5741,0.247793
2.4304,0.6323,0.215095
2.4304,0.6905,0.186711
2.4304,0.7487,0.162073
2.4304,0.807,0.140686
2.4304,0.8652,0.122121
2.4304,0.9234,0.106006
2.4304,0.9816,0.092018
2.4304,1.0399,0.079875
2.4304,1.0981,0.069335
2.4304,1.1563,0.060186
2.7342,0.05,0.872224
2.7342,0.1082,0.743851
2.7342,0.1665,0.634372
2.7342,0.2247,0.541006
2.7342,0.2829,0.461382
2.7342,0.3411,0.393476
2.7342,0.3994,0.335565
2.7342,0.4576,0.286177
2.7342,0.5158,0.244058
2.7342,0.5741,0.208138
2.7342,0.6323,0.177504
2.7342,0.6905,0.151379
2.7342,0.7487,0.129099
2.7342,0.807,0.110099
2.7342,0.8652,0.093895
2.7342,0.9234,0.080075
2.7342,0.9816,0.06829
2.7342,1.0399,0.058239
2.7342,1.0981,0.049668
2.7342,1.1563,0.042358
3.038,0.05,0.859075
3.038,0.1082,0.719792
3.038,0.1665,0.60309
3.038,0.2247,0.50531
3.038,0.2829,0.423383
3.038,0.3411,0.354739
3.038,0.3994,0.297225
3.038,0.4576,0.249035
3.038,0.5158,0.208658
3.038,0.5741,0.174828
3.038,0.6323,0.146483
3.038,0.6905,0.122733
3.038,0.7487,0.102834
3.038,0.807,0.086162
3.038,0.8652,0.072192
3.038,0.9234,0.060487
3.038,0.9816,0.05068
3.038,1.0399,0.042464
3.038,1.0981,0.035579
3.038,1.1563,0.02981
3.3418,0.05,0.846125
3.3418,0.1082,0.69651
3.3418,0.1665,0.573351
3.3418,0.2247,0.471969
3.3418,0.2829,0.388514
3.3418,0.3411,0.319816
3.3418,0.3994,0.263265
3.3418,0.4576,0.216714
3.3418,0.5158,0.178394
3.3418,0.5741,0.14685
3.3418,0.6323,0.120883
3.3418,0.6905,0.099508
3.3418,0.7487,0.081913
3.3418,0.807,0.067429
3.3418,0.8652,0.055506
3.3418,0.9234,0.045691
3.3418,0.9816,0.037612
3.3418,1.0399,0.030961
3.3418,1.0981,0.025487
3.3418,1.1563,0.02098
3.6456,0.05,0.833369
3.6456,0.1082,0.673982
3.6456,0.1665,0.545078
3.6456,0.2247,0.440828
3.6456,0.2829,0.356517
3.6456,0.3411,0.288331
3.6456,0.3994,0.233186
3.6456,0.4576,0.188587
3.6456,0.5158,0.152519
3.6456,0.5741,0.123349
3.6456,0.6323,0.099757
3.6456,0.6905,0.080678
3.6456,0.7487,0.065248
3.6456,0.807,0.052769
3.6456,0.8652,0.042676
3.6456,0.9234,0.034514
3.6456,0.9816,0.027913
3.6456,1.0399,0.022575
3.6456,1.0981,0.018257
3.6456,1.1563,0.014765
3.9494,0.05,0.820806
3.9494,0.1082,0.652182
3.9494,0.1665,0.5182
3.9494,0.2247,0.411742
3.9494,0.2829,0.327155
3.9494,0.3411,0.259945
3.9494,0.3994,0.206543
3.9494,0.4576,0.164111
3.9494,0.5158,0.130397
3.9494,0.5741,0.103608
3.9494,0.6323,0.082323
3.9494,0.6905,0.065411
3.9494,0.7487,0.051973
3.9494,0.807,0.041296
3.9494,0.8652,0.032812
3.9494,0.9234,0.026071
3.9494,0.9816,0.020715
3.9494,1.0399,0.01646
3.9494,1.0981,0.013078
3.9494,1.1563,0.010391
4.2532,0.05,0.808432
4.2532,0.1082,0.631087
4.2532,0.1665,0.492646
4.2532,0.2247,0.384575
4.2532,0.2829,0.300211
4.2532,0.3411,0.234354
4.2532,0.3994,0.182944
4.2532,0.4576,0.142812
4.2532,0.5158,0.111483
4.2532,0.5741,0.087027
4.2532,0.6323,0.067936
4.2532,0.6905,0.053033
4.2532,0.7487,0.041399
4.2532,0.807,0.032318
4.2532,0.8652,0.025228
4.2532,0.9234,0.019694
4.2532,0.9816,0.015374
4.2532,1.0399,0.012001
4.2532,1.0981,0.009368
4.2532,1.1563,0.007313
4.557,0.05,0.796245
4.557,0.1082,0.610675
4.557,0.1665,0.468353
4.557,0.2247,0.359201
4.557,0.2829,0.275487
4.557,0.3411,0.211283
4.557,0.3994,0.162042
4.557,0.4576,0.124277
4.557,0.5158,0.095313
4.557,0.5741,0.0731
4.557,0.6323,0.056064
4.557,0.6905,0.042998
4.557,0.7487,0.032977
4.557,0.807,0.025291
4.557,0.8652,0.019397
4.557,0.9234,0.014876
4.557,0.9816,0.011409
4.557,1.0399,0.00875
4.557,1.0981,0.006711
4.557,1.1563,0.005147
4.8608,0.05,0.784242
4.8608,0.1082,0.590923
4.8608,0.1665,0.445258
4.8608,0.2247,0.3355
4.8608,0.2829,0.252798
4.8608,0.3411,0.190482
4.8608,0.3994,0.143528
4.8608,0.4576,0.108148
4.8608,0.5158,0.081489
4.8608,0.5741,0.061401
4.8608,0.6323,0.046266
4.8608,0.6905,0.034861
4.8608,0.7487,0.026268
4.8608,0.807,0.019793
4.8608,0.8652,0.014914
4.8608,0.9234,0.011237
4.8608,0.9816,0.008467
4.8608,1.0399,0.00638
4.8608,1.0981,0.004807
4.8608,1.1563,0.003622
5.1646,0.05,0.772419
5.1646,0.1082,0.57181
5.1646,0.1665,0.423302
5.1646,0.2247,0.313364
5.1646,0.2829,0.231978
5.1646,0.3411,0.17173
5.1646,0.3994,0.127129
5.1646,0.4576,0.094111
5.1646,0.5158,0.069669
5.1646,0.5741,0.051575
5.1646,0.6323,0.03818
5.1646,0.6905,0.028264
5.1646,0.7487,0.020924
5.1646,0.807,0.015489
5.1646,0.8652,0.011467
5.1646,0.9234,0.008488
5.1646,0.9816,0.006284
5.1646,1.0399,0.004652
5.1646,1.0981,0.003444
5.1646,1.1563,0.002549
5.4684,0.05,0.760775
5.4684,0.1082,0.553315
5.4684,0.1665,0.402428
5.4684,0.2247,0.292688
5.4684,0.2829,0.212873
5.4684,0.3411,0.154823
5.4684,0.3994,0.112604
5.4684,0.4576,0.081897
5.4684,0.5158,0.059564
5.4684,0.5741,0.043321
5.4684,0.6323,0.031508
5.4684,0.6905,0.022916
5.4684,0.7487,0.016667
5.4684,0.807,0.012122
5.4684,0.8652,0.008816
5.4684,0.9234,0.006412
5.4684,0.9816,0.004664
5.4684,1.0399,0.003392
5.4684,1.0981,0.002467
5.4684,1.1563,0.001794
5.7722,0.05,0.749306
5.7722,0.1082,0.535418
5.7722,0.1665,0.382584
5.7722,0.2247,0.273376
5.7722,0.2829,0.195341
5.7722,0.3411,0.139581
5.7722,0.3994,0.099738
5.7722,0.4576,0.071268
5.7722,0.5158,0.050925
5.7722,0.5741,0.036388
5.7722,0.6323,0.026001
5.7722,0.6905,0.018579
5.7722,0.7487,0.013276
5.7722,0.807,0.009486
5.7722,0.8652,0.006778
5.7722,0.9234,0.004844
5.7722,0.9816,0.003461
5.7722,1.0399,0.002473
5.7722,1.0981,0.001767
5.7722,1.1563,0.001263
