baseline,treatment,metric,n_pairs,baseline_only_failures,causal_only_failures,risk_difference,ci95_low,ci95_high,mcnemar_log10_p
A0_ordinary_approval_log,A3_source_bound_causal_transaction,stale_mutation,18000,12000,0,0.6666666666666666,0.6597798638938819,0.6735534694394514,-3612.05891797211
A0_ordinary_approval_log,A3_source_bound_causal_transaction,duplicate_mutation,18000,6000,0,0.3333333333333333,0.32644653056054856,0.34022013610611807,-1805.878943988223
A0_ordinary_approval_log,A3_source_bound_causal_transaction,unsafe_mutation,18000,16000,0,0.8888888888888888,0.8842976870403657,0.893480090737412,-4816.178900628034
A1_source_hash_conditional,A3_source_bound_causal_transaction,stale_mutation,18000,8000,0,0.4444444444444444,0.4371851169249902,0.45170377196389866,-2407.938935316185
A1_source_hash_conditional,A3_source_bound_causal_transaction,duplicate_mutation,18000,4000,0,0.2222222222222222,0.21614863306717605,0.22829581137726837,-1203.8189526602605
A1_source_hash_conditional,A3_source_bound_causal_transaction,unsafe_mutation,18000,12000,0,0.6666666666666666,0.6597798638938819,0.6735534694394514,-3612.05891797211
A2_source_hash_atomic_idempotency,A3_source_bound_causal_transaction,stale_mutation,18000,8000,0,0.4444444444444444,0.4371851169249902,0.45170377196389866,-2407.938935316185
A2_source_hash_atomic_idempotency,A3_source_bound_causal_transaction,duplicate_mutation,18000,0,0,0.0,0.0,0.0,0.0
A2_source_hash_atomic_idempotency,A3_source_bound_causal_transaction,unsafe_mutation,18000,8000,0,0.4444444444444444,0.4371851169249902,0.45170377196389866,-2407.938935316185
